finnix-release (108~1) unstable; urgency=low

  * Finnix dev (Elkhorn)

 -- Ryan Finnie <ryan@finnie.org>  Sat, 29 Dec 2012 19:29:50 +0000

finnix-release (107) unstable; urgency=low

  * Finnix 107

 -- Ryan Finnie <ryan@finnie.org>  Sun, 23 Dec 2012 02:52:39 +0000

finnix-release (107~7) unstable; urgency=low

  * Fix Vcs-* URLs

 -- Ryan Finnie <ryan@finnie.org>  Sun, 25 Nov 2012 00:34:56 +0000

finnix-release (107~6) unstable; urgency=low

  * Migrate to xz packaging, add ignore options (LP: #1082283)
  * Add "dh_md5sums -x" to debian/rules

 -- Ryan Finnie <ryan@finnie.org>  Fri, 23 Nov 2012 09:39:40 +0000

finnix-release (107~5) unstable; urgency=low

  * Migrate native package to full bzr tracking
  * Rename Vcs-*

 -- Ryan Finnie <ryan@finnie.org>  Wed, 21 Nov 2012 13:12:02 +0000

finnix-release (107~4) unstable; urgency=low

  * Add Vcs/Homepage fields

 -- Ryan Finnie <ryan@finnie.org>  Sun, 28 Oct 2012 04:27:29 +0000

finnix-release (107~3) unstable; urgency=low

  * Run postinst on upgrade as well

 -- Ryan Finnie <ryan@finnie.org>  Sun, 28 Oct 2012 03:44:43 +0000

finnix-release (107~2) unstable; urgency=low

  * Add support for /etc/dpkg/origins/finnix (LP: #1071572)
  * Build/add /etc/os-release (LP: #1072223)
  * Move root structure within debian/ for VC

 -- Ryan Finnie <ryan@finnie.org>  Sat, 27 Oct 2012 22:27:00 +0000

finnix-release (107~1) unstable; urgency=low

  * Finnix dev (Oconomowoc)

 -- Ryan Finnie <ryan@finnie.org>  Sat, 27 Oct 2012 07:00:55 +0000

finnix-release (106) unstable; urgency=low

  * Finnix 106

 -- Ryan Finnie <ryan@finnie.org>  Thu, 25 Oct 2012 23:55:55 +0000

finnix-release (105) unstable; urgency=low

  * Finnix 105

 -- Ryan Finnie <ryan@finnie.org>  Sun, 08 Jul 2012 18:44:05 -0700

finnix-release (104) unstable; urgency=low

  * Finnix 104

 -- Ryan Finnie <ryan@finnie.org>  Sun, 05 Feb 2012 13:11:16 -0800

finnix-release (103) unstable; urgency=low

  * Finnix 103

 -- Ryan Finnie <ryan@finnie.org>  Wed, 12 Oct 2011 09:51:56 -0700

finnix-release (102) unstable; urgency=low

  * Finnix 102

 -- Ryan Finnie <ryan@finnie.org>  Thu, 21 Jul 2011 22:11:15 -0700

finnix-release (101) unstable; urgency=low

  * Finnix 101

 -- Ryan Finnie <ryan@finnie.org>  Tue, 21 Dec 2010 00:12:08 -0800

finnix-release (100) unstable; urgency=low

  * Finnix 100

 -- Ryan Finnie <ryan@finnie.org>  Tue, 26 Oct 2010 01:50:01 -0700

finnix-release (93.0) unstable; urgency=low

  * Finnix 93.0

 -- Ryan Finnie <ryan@finnie.org>  Sat, 08 Aug 2009 22:45:17 -0700

finnix-release (92.1+dev1) unstable; urgency=low

  * dev (Neenah)

 -- Ryan Finnie <ryan@finnie.org>  Wed, 05 Aug 2009 11:56:26 -0700

finnix-release (92.1) unstable; urgency=low

  * Finnix 92.1 (dev Crandon)

 -- Ryan Finnie <ryan@finnie.org>  Sun, 23 Nov 2008 21:46:11 -0800

finnix-release (92.0) unstable; urgency=low

  * Finnix 92.0

 -- Ryan Finnie <ryan@finnie.org>  Sat, 14 Jun 2008 17:24:20 -0700

finnix-release (91.1+dev1) unstable; urgency=low

  * dev (Shawno)

 -- Ryan Finnie <ryan@finnie.org>  Sun,  1 Jun 2008 22:47:53 -0700

finnix-release (91.1) unstable; urgency=low

  * Finnix 91.1

 -- Ryan Finnie <ryan@finnie.org>  Sun,  2 Mar 2008 20:11:36 -0800

finnix-release (91.0+dev1) unstable; urgency=low

  * dev (Portage)

 -- Ryan Finnie <ryan@finnie.org>  Thu, 31 Jan 2008 06:17:56 -0800

finnix-release (91.0) unstable; urgency=low

  * 91.0 release

 -- Ryan Finnie <ryan@finnie.org>  Sun, 27 Jan 2008 23:22:26 -0800

finnix-release (90.0+dev1) unstable; urgency=low

  * dev (Seymour)

 -- Ryan Finnie <ryan@finnie.org>  Sun,  6 Jan 2008 20:41:55 -0800

finnix-release (90.0) unstable; urgency=low

  * 90.0 release

 -- Ryan Finnie <ryan@finnie.org>  Sat, 20 Oct 2007 20:47:09 -0700

finnix-release (89.2) unstable; urgency=low

  * 89.2 release

 -- Ryan Finnie <ryan@finnie.org>  Thu, 26 Jul 2007 15:08:44 -0700

finnix-release (89.1.0.1) unstable; urgency=low

  * dev (Crivitz)

 -- Ryan Finnie <ryan@finnie.org>  Sun, 29 Apr 2007 19:54:08 -0700

finnix-release (89.1) unstable; urgency=low

  * 89.1 release

 -- Ryan Finnie <ryan@finnie.org>  Sun,  8 Apr 2007 20:24:40 -0700

finnix-release (89.0.1) unstable; urgency=low

  * dev (Sheboygan)

 -- Ryan Finnie <ryan@finnie.org>  Sun, 11 Mar 2007 01:16:16 -0800

finnix-release (89.0) unstable; urgency=low

  * 89.0 release

 -- Ryan Finnie <ryan@finnie.org>  Sun, 14 Jan 2007 21:45:46 -0800

finnix-release (88.0.1) unstable; urgency=low

  * dev (Oshkosh)

 -- Ryan Finnie <ryan@finnie.org>  Thu, 27 Jul 2006 19:35:28 -0700

finnix-release (88.0) unstable; urgency=low

  * 88.0 release

 -- Ryan Finnie <ryan@finnie.org>  Sat, 15 Jul 2006 22:25:38 -0700

finnix-release (87.0.0.0.0.dev.3) unstable; urgency=low

  * Migrated to full debuild environment

 -- Ryan Finnie <ryan@finnie.org>  Wed, 28 Jun 2006 20:09:14 -0700

